1,Darrel,Tydeman,dtydeman0@mozilla.org,Male
2,Robinette,Jobey,rjobey1@umich.edu,Female
3,Frankie,Elecum,felecum2@ameblo.jp,Female
4,Justin,Quenby,jquenby3@latimes.com,Male
5,Amelita,Ruckert,aruckert4@rambler.ru,Female
6,Zara,Silliman,zsilliman5@washingtonpost.com,Female
7,Huey,Blare,hblare6@networksolutions.com,Male
8,Freddie,Brach,fbrach7@ox.ac.uk,Male
9,Rosa,Jump,rjump8@noaa.gov,Female
10,Ingelbert,Roughsedge,iroughsedge9@google.com.hk,Male
11,Gardener,Brunker,gbrunkera@state.tx.us,Male
12,Ilise,Zorzi,izorzib@sitemeter.com,Female
13,Catina,Newsham,cnewshamc@msu.edu,Female
14,Corrinne,Mortimer,cmortimerd@g.co,Female
15,Sue,Knifton,skniftone@usatoday.com,Female
16,Anallese,Fairpo,afairpof@yelp.com,Female
17,Alyssa,Trowill,atrowillg@google.com.hk,Female
18,Yolande,Brodway,ybrodwayh@lycos.com,Female
19,Lyndell,Ajsik,lajsiki@vistaprint.com,Female
20,Carmita,Barrow,cbarrowj@jiathis.com,Female
21,Odetta,Simmings,osimmingsk@wikispaces.com,Female
22,Symon,Goghin,sgoghinl@dion.ne.jp,Male
23,Waring,Cully,wcullym@microsoft.com,Male
24,Nealson,Beardshaw,nbeardshawn@youtu.be,Male
25,Guilbert,Bastie,gbastieo@japanpost.jp,Male
26,Kathe,Egerton,kegertonp@paypal.com,Female
27,Bess,Summerbell,bsummerbellq@parallels.com,Female
28,Pancho,Nattrass,pnattrassr@imgur.com,Male
29,Karole,Pretswell,kpretswells@bandcamp.com,Female
30,Carol,Ahrendsen,cahrendsent@disqus.com,Female
31,Channa,Vayro,cvayrou@twitpic.com,Female
32,Mel,Kenrat,mkenratv@time.com,Female
33,Douglass,Collimore,dcollimorew@sourceforge.net,Male
34,Bond,Santostefano.,bsantostefanox@unicef.org,Male
35,Nerte,Broschke,nbroschkey@addthis.com,Female
36,Northrup,Kauscher,nkauscherz@friendfeed.com,Male
37,Talya,Brigstock,tbrigstock10@bandcamp.com,Female
38,Beau,Brearley,bbrearley11@ameblo.jp,Male
39,Frank,Strowther,fstrowther12@paypal.com,Male
40,Hersh,Harber,hharber13@sitemeter.com,Male
41,Alistair,Duddin,aduddin14@miibeian.gov.cn,Male
42,Immanuel,Meaking,imeaking15@tmall.com,Male
43,Ferris,Tosspell,ftosspell16@dailymotion.com,Male
44,Gram,Yoxen,gyoxen17@ibm.com,Male
45,Riccardo,Pere,rpere18@1und1.de,Male
46,Hamid,Phillins,hphillins19@harvard.edu,Male
47,Kira,Dienes,kdienes1a@canalblog.com,Genderfluid
48,Cece,Beek,cbeek1b@unesco.org,Male
49,Deeanne,Lakenton,dlakenton1c@biglobe.ne.jp,Female
50,Verene,Kildale,vkildale1d@bluehost.com,Female
51,Jane,Vankin,jvankin1e@google.es,Female
52,Dita,Shedd,dshedd1f@nyu.edu,Female
53,Dotti,Nehlsen,dnehlsen1g@google.com.br,Female
54,Bone,Rhydderch,brhydderch1h@chicagotribune.com,Male
55,Janice,Josum,jjosum1i@narod.ru,Female
56,Kendrick,Guys,kguys1j@wordpress.com,Male
57,Audrye,Gummoe,agummoe1k@unesco.org,Female
58,Regan,Bucksey,rbucksey1l@sogou.com,Male
59,Petra,Ritter,pritter1m@uiuc.edu,Female
60,Cale,Copelli,ccopelli1n@sun.com,Male
61,Tracey,Garrat,tgarrat1o@lulu.com,Female
62,Jeromy,Assinder,jassinder1p@sciencedaily.com,Male
63,Karrah,Potteridge,kpotteridge1q@pagesperso-orange.fr,Female
64,Hal,Pittwood,hpittwood1r@altervista.org,Male
65,Eden,Gerriessen,egerriessen1s@nih.gov,Female
66,Llewellyn,Pilmer,lpilmer1t@deviantart.com,Male
67,Suzi,Matson,smatson1u@aol.com,Female
68,Salem,Reader,sreader1v@tiny.cc,Male
69,Margarethe,Tume,mtume1w@shop-pro.jp,Female
70,Hakeem,Teers,hteers1x@blogger.com,Male
71,Kirby,Wayman,kwayman1y@google.ru,Male
72,Katerine,Fraczek,kfraczek1z@topsy.com,Female
73,Alexandrina,Bellenger,abellenger20@cisco.com,Female
74,Blane,Bassford,bbassford21@skyrock.com,Male
75,Lynne,McHale,lmchale22@over-blog.com,Non-binary
76,Linda,Isaacson,lisaacson23@weather.com,Female
77,Idette,Karolowski,ikarolowski24@sogou.com,Non-binary
78,Meridel,Tumielli,mtumielli25@wisc.edu,Female
79,Tallie,Seggie,tseggie26@freewebs.com,Male
80,Chrisy,Naisby,cnaisby27@arizona.edu,Male
81,Siegfried,Duckit,sduckit28@jigsy.com,Male
82,Isidor,Daverin,idaverin29@weather.com,Male
83,Jacinta,Strover,jstrover2a@posterous.com,Female
84,Cindee,Taffee,ctaffee2b@posterous.com,Female
85,Morrie,Cattermole,mcattermole2c@cbsnews.com,Male
86,Erick,O'Leary,eoleary2d@cbslocal.com,Male
87,Saxe,Buckles,sbuckles2e@sun.com,Male
88,Reese,Perazzo,rperazzo2f@github.io,Male
89,Peadar,Stellin,pstellin2g@purevolume.com,Male
90,Johannah,Crus,jcrus2h@europa.eu,Female
91,Rea,Irnis,rirnis2i@mozilla.com,Female
92,Godfrey,Huggard,ghuggard2j@elegantthemes.com,Male
93,Avram,Pele,apele2k@businessweek.com,Male
94,Biron,Causton,bcauston2l@japanpost.jp,Male
95,Ethelbert,Gorman,egorman2m@wired.com,Male
96,Rena,Domney,rdomney2n@tripadvisor.com,Female
97,Anabelle,Lepoidevin,alepoidevin2o@msn.com,Female
98,Vladimir,Sauter,vsauter2p@who.int,Male
99,Garv,Zavattero,gzavattero2q@mapquest.com,Male
100,Beatriz,Clausius,bclausius2r@elegantthemes.com,Non-binary
101,Allyce,Pawson,apawson2s@live.com,Genderfluid
102,Joaquin,Karczinski,jkarczinski2t@fc2.com,Male
103,Sal,Claige,sclaige2u@wikipedia.org,Male
104,Steve,Divill,sdivill2v@ebay.co.uk,Male
105,Dory,Beastall,dbeastall2w@comsenz.com,Male
106,Othilie,MacGiany,omacgiany2x@yelp.com,Female
107,Katine,Stillwell,kstillwell2y@china.com.cn,Female
108,Daniel,Rihosek,drihosek2z@goo.ne.jp,Male
109,Chryste,Segge,csegge30@mlb.com,Polygender
110,Ricardo,Wagnerin,rwagnerin31@nymag.com,Male
111,Jori,Spera,jspera32@sitemeter.com,Female
112,Waldon,Karlsen,wkarlsen33@tinyurl.com,Male
113,Gawen,Punch,gpunch34@imgur.com,Male
114,Reinold,Croizier,rcroizier35@t-online.de,Male
115,Nickolaus,Gaspero,ngaspero36@nytimes.com,Male
116,Evaleen,Pawlowicz,epawlowicz37@princeton.edu,Non-binary
117,Antone,Dalton,adalton38@yelp.com,Male
118,Burt,Alchin,balchin39@etsy.com,Male
119,Kiel,Dyton,kdyton3a@samsung.com,Male
120,Mala,Rennocks,mrennocks3b@paginegialle.it,Female
121,Fayette,Dolan,fdolan3c@youku.com,Female
122,Bianca,Sibray,bsibray3d@pagesperso-orange.fr,Female
123,Dianna,Seston,dseston3e@google.co.jp,Bigender
124,Silvana,Quene,squene3f@cafepress.com,Female
125,Darius,Benedek,dbenedek3g@google.de,Genderqueer
126,Janeta,Gerhardt,jgerhardt3h@paginegialle.it,Female
127,Greg,Savile,gsavile3i@google.de,Male
128,Sharline,Gleadhell,sgleadhell3j@acquirethisname.com,Female
129,Florida,Figgures,ffiggures3k@bloglines.com,Female
130,Conchita,Korous,ckorous3l@infoseek.co.jp,Female
131,Trever,Haizelden,thaizelden3m@tripod.com,Male
132,Bradan,Mugleston,bmugleston3n@blogspot.com,Male
133,Teri,Vertigan,tvertigan3o@shop-pro.jp,Female
134,Kev,Pavitt,kpavitt3p@archive.org,Non-binary
135,Zachery,Spera,zspera3q@ehow.com,Male
136,Roth,Verick,rverick3r@indiegogo.com,Male
137,Bill,Narbett,bnarbett3s@ucoz.com,Male
138,Darren,Glavis,dglavis3t@amazon.com,Male
139,Celina,Eblein,ceblein3u@npr.org,Female
140,Micaela,Normand,mnormand3v@cnbc.com,Female
141,Marcia,Liddard,mliddard3w@sciencedirect.com,Non-binary
142,Chas,Yushin,cyushin3x@howstuffworks.com,Male
143,Early,Scripps,escripps3y@geocities.jp,Male
144,Lona,Longdon,llongdon3z@t.co,Female
145,Valdemar,Heffernan,vheffernan40@yellowpages.com,Male
146,Mame,Maffiotti,mmaffiotti41@ucoz.ru,Bigender
147,Olivier,Rathbone,orathbone42@indiatimes.com,Male
148,Morly,Nann,mnann43@ucsd.edu,Male
149,Eddy,Levis,elevis44@csmonitor.com,Female
150,Shelley,Nesfield,snesfield45@kickstarter.com,Female
151,Conny,Balstone,cbalstone46@admin.ch,Female
152,Ole,Stiebler,ostiebler47@artisteer.com,Male
153,Izaak,Camoys,icamoys48@t-online.de,Male
154,Darelle,Hynes,dhynes49@amazon.de,Agender
155,Ricard,Kingsnode,rkingsnode4a@statcounter.com,Male
156,Aili,Hurrell,ahurrell4b@google.nl,Female
157,Barbette,Ephson,bephson4c@naver.com,Female
158,Billye,Drissell,bdrissell4d@buzzfeed.com,Female
159,Aldis,O'Leary,aoleary4e@cocolog-nifty.com,Bigender
160,Colline,Kidson,ckidson4f@163.com,Female
161,Deanne,Docket,ddocket4g@gravatar.com,Female
162,Elayne,Creese,ecreese4h@odnoklassniki.ru,Female
163,Maren,De Lisle,mdelisle4i@jigsy.com,Female
164,Jayme,Rawdall,jrawdall4j@howstuffworks.com,Female
165,Shaine,Loughran,sloughran4k@google.ca,Female
166,Abraham,MacIlraith,amacilraith4l@twitpic.com,Male
167,Dorie,Cartner,dcartner4m@discuz.net,Male
168,Dalis,Houlston,dhoulston4n@ask.com,Genderqueer
169,Martainn,Grantham,mgrantham4o@netlog.com,Male
170,Dorey,Joul,djoul4p@opera.com,Polygender
171,Moss,Davley,mdavley4q@cbsnews.com,Male
172,Brier,Lakeman,blakeman4r@pcworld.com,Female
173,Eryn,Espinet,eespinet4s@sciencedirect.com,Female
174,Rhody,Gann,rgann4t@state.tx.us,Female
175,Anni,Scrivener,ascrivener4u@google.co.jp,Genderqueer
176,Brietta,Pryke,bpryke4v@bigcartel.com,Female
177,Peggy,Mattinson,pmattinson4w@msn.com,Non-binary
178,Ashien,Rosenwasser,arosenwasser4x@mediafire.com,Female
179,Ronda,Forst,rforst4y@chron.com,Female
180,Chandler,Turbill,cturbill4z@typepad.com,Male
181,Thaddus,Kedward,tkedward50@cam.ac.uk,Male
182,Lurlene,Morecombe,lmorecombe51@issuu.com,Agender
183,Guthry,Gertray,ggertray52@sciencedirect.com,Male
184,Joshia,Panas,jpanas53@goo.gl,Male
185,Mylo,Pickup,mpickup54@spiegel.de,Male
186,Marina,Mousley,mmousley55@tumblr.com,Female
187,Berkeley,Venners,bvenners56@abc.net.au,Male
188,Michel,Kleinsmuntz,mkleinsmuntz57@blogger.com,Male
189,Norma,Fedder,nfedder58@aboutads.info,Female
190,Tobias,Kielty,tkielty59@ibm.com,Male
191,Titos,Grogor,tgrogor5a@indiegogo.com,Male
192,Lynnet,Ealden,lealden5b@sfgate.com,Female
193,Efrem,Giacobillo,egiacobillo5c@com.com,Male
194,Korey,Clementucci,kclementucci5d@earthlink.net,Male
195,Jolene,Maith,jmaith5e@abc.net.au,Female
196,Gan,Brassington,gbrassington5f@nsw.gov.au,Male
197,Kristine,Croad,kcroad5g@utexas.edu,Female
198,Eryn,Ravilus,eravilus5h@about.com,Female
199,Keith,Husbands,khusbands5i@bandcamp.com,Male
200,Debee,Chorlton,dchorlton5j@furl.net,Female
201,Barri,Jahnke,bjahnke5k@jalbum.net,Male
202,Xymenes,Monkton,xmonkton5l@hp.com,Male
203,Hatti,Leynton,hleynton5m@washingtonpost.com,Female
204,Pall,Fridd,pfridd5n@reddit.com,Male
205,Timotheus,Balnaves,tbalnaves5o@blogtalkradio.com,Male
206,Erhard,Waddams,ewaddams5p@theglobeandmail.com,Male
207,Gail,Spurdens,gspurdens5q@meetup.com,Female
208,Christin,Veal,cveal5r@last.fm,Female
209,Darbee,Klimus,dklimus5s@noaa.gov,Male
210,Josselyn,Topley,jtopley5t@qq.com,Female
211,Marla,Hounsome,mhounsome5u@furl.net,Female
212,Yoko,Dabel,ydabel5v@yahoo.co.jp,Female
213,Barnie,Orans,borans5w@ameblo.jp,Genderqueer
214,Stavros,Eslie,seslie5x@devhub.com,Male
215,Flinn,Dorrity,fdorrity5y@time.com,Male
216,Gar,Arnefield,garnefield5z@elegantthemes.com,Male
217,Tierney,Domenico,tdomenico60@theglobeandmail.com,Female
218,Codie,Botten,cbotten61@arstechnica.com,Male
219,Lulu,McKerley,lmckerley62@privacy.gov.au,Female
220,Glen,Eustis,geustis63@usatoday.com,Female
221,Oralla,Lardier,olardier64@msu.edu,Female
222,Corey,Walcot,cwalcot65@statcounter.com,Female
223,Inna,Legonidec,ilegonidec66@huffingtonpost.com,Female
224,Gabie,Joannidi,gjoannidi67@e-recht24.de,Polygender
225,Jessika,Presnall,jpresnall68@washingtonpost.com,Female
226,Josiah,Bytheway,jbytheway69@samsung.com,Agender
227,Atalanta,Garrelts,agarrelts6a@bigcartel.com,Female
228,Mindy,Reary,mreary6b@diigo.com,Female
229,Wanids,Cota,wcota6c@baidu.com,Non-binary
230,Sharla,Kolodziej,skolodziej6d@tamu.edu,Female
231,Ignatius,Grancher,igrancher6e@aboutads.info,Male
232,Adriena,Ree,aree6f@goo.ne.jp,Female
233,Kane,Booker,kbooker6g@europa.eu,Male
234,Jo,Saphin,jsaphin6h@gmpg.org,Female
235,Katheryn,Butt Gow,kbuttgow6i@digg.com,Female
236,Bruce,Alsopp,balsopp6j@tiny.cc,Male
237,Cass,Hanner,channer6k@businesswire.com,Male
238,Marten,Vian,mvian6l@soundcloud.com,Agender
239,Arlin,Gorvette,agorvette6m@berkeley.edu,Male
240,Konstantine,Schild,kschild6n@soundcloud.com,Male
241,Margot,Cobelli,mcobelli6o@blogs.com,Female
242,Sharla,MacGowan,smacgowan6p@photobucket.com,Female
243,Casandra,Brotherwood,cbrotherwood6q@indiegogo.com,Female
244,Revkah,Dorking,rdorking6r@go.com,Female
245,Barret,Littlejohns,blittlejohns6s@stanford.edu,Male
246,Rory,Hulland,rhulland6t@ca.gov,Male
247,Skye,Frangello,sfrangello6u@vk.com,Male
248,Kelby,Mc Gee,kmcgee6v@instagram.com,Male
249,Kalle,Grieves,kgrieves6w@irs.gov,Male
250,Humphrey,Howlings,hhowlings6x@sciencedirect.com,Male
251,Lexis,McGinly,lmcginly6y@go.com,Genderfluid
252,Jerri,Chessor,jchessor6z@gmpg.org,Male
253,Fletcher,Gallyhaock,fgallyhaock70@google.fr,Male
254,Dionis,Hills,dhills71@cnet.com,Female
255,Evonne,Hannay,ehannay72@bluehost.com,Female
256,Enrichetta,Follett,efollett73@example.com,Female
257,Valentina,Jozef,vjozef74@hhs.gov,Female
258,Enoch,Stollmeyer,estollmeyer75@nsw.gov.au,Polygender
259,Ailbert,Bartlomieczak,abartlomieczak76@blogtalkradio.com,Male
260,Aldo,Westraw,awestraw77@posterous.com,Male
261,Sidonia,Laybourne,slaybourne78@sphinn.com,Polygender
262,Dukey,Summerill,dsummerill79@meetup.com,Male
263,Helenka,Feast,hfeast7a@free.fr,Female
264,Worthy,Peegrem,wpeegrem7b@paypal.com,Male
265,Adolphus,Othen,aothen7c@toplist.cz,Male
266,Leta,Dennitts,ldennitts7d@yellowbook.com,Female
267,Tamarra,Hiscocks,thiscocks7e@loc.gov,Female
268,Marena,MacArd,mmacard7f@opensource.org,Female
269,Byrom,Quantick,bquantick7g@slashdot.org,Male
270,Rock,Keeltagh,rkeeltagh7h@paginegialle.it,Male
271,Junie,O'Luney,joluney7i@ehow.com,Female
272,Tracee,Massei,tmassei7j@webnode.com,Female
273,Omar,Fedoronko,ofedoronko7k@ebay.com,Male
274,Aurthur,Haacker,ahaacker7l@salon.com,Male
275,Edmund,Thow,ethow7m@blogs.com,Male
276,Corey,Culbert,cculbert7n@vinaora.com,Female
277,Boot,Philipet,bphilipet7o@w3.org,Male
278,Vanna,Cansdall,vcansdall7p@buzzfeed.com,Female
279,Leticia,Bremeyer,lbremeyer7q@1und1.de,Female
280,Monti,Southward,msouthward7r@wsj.com,Male
281,Penrod,Shawcross,pshawcross7s@liveinternet.ru,Male
282,Geri,MacGarvey,gmacgarvey7t@huffingtonpost.com,Male
283,Flossy,Goult,fgoult7u@google.es,Female
284,Fraze,Millthorpe,fmillthorpe7v@rediff.com,Agender
285,Nerita,Bearne,nbearne7w@usgs.gov,Female
286,Rubetta,Button,rbutton7x@engadget.com,Female
287,Filip,Stemson,fstemson7y@cnn.com,Male
288,Mike,Evensden,mevensden7z@slashdot.org,Male
289,Spense,Shord,sshord80@unicef.org,Male
290,Joyan,Winwright,jwinwright81@webnode.com,Female
291,Leland,Coppard,lcoppard82@dmoz.org,Male
292,Flynn,Morten,fmorten83@businessinsider.com,Male
293,Bibby,Chamberlayne,bchamberlayne84@un.org,Genderqueer
294,Allistir,Breffit,abreffit85@wordpress.org,Male
295,Ignaz,Dowbakin,idowbakin86@google.ca,Male
296,Gwen,Schubert,gschubert87@parallels.com,Female
297,Ernestus,Nulty,enulty88@wsj.com,Male
298,Bartlet,Mantle,bmantle89@nhs.uk,Male
299,Crawford,Blower,cblower8a@nyu.edu,Male
300,Vaclav,Huggill,vhuggill8b@usa.gov,Male
301,Alfie,Sorrell,asorrell8c@phoca.cz,Male
302,Eugenius,Iskov,eiskov8d@qq.com,Male
303,Rex,Loddon,rloddon8e@soundcloud.com,Male
304,Alice,Hause,ahause8f@ebay.co.uk,Female
305,Gaye,Pink,gpink8g@360.cn,Genderfluid
306,Lezley,Chapple,lchapple8h@mozilla.com,Male
307,Grover,Rainsden,grainsden8i@irs.gov,Non-binary
308,Freedman,Youll,fyoull8j@businessinsider.com,Male
309,Alister,Cowwell,acowwell8k@flickr.com,Male
310,Shepard,Eusden,seusden8l@163.com,Male
311,Robbie,McGarva,rmcgarva8m@unicef.org,Male
312,Kalli,Gricewood,kgricewood8n@dell.com,Female
313,Marilyn,Callander,mcallander8o@bbb.org,Female
314,Nicko,Ansteys,nansteys8p@foxnews.com,Male
315,Rica,Dearlove,rdearlove8q@walmart.com,Female
316,Olag,Lounds,olounds8r@mit.edu,Male
317,Carolee,Halling,challing8s@umich.edu,Female
318,Alexandre,Elvins,aelvins8t@huffingtonpost.com,Male
319,Orsola,Blamires,oblamires8u@businesswire.com,Non-binary
320,Ora,Danelut,odanelut8v@jugem.jp,Genderqueer
321,Roberto,Cragell,rcragell8w@tripod.com,Polygender
322,Lucine,Wyrill,lwyrill8x@google.nl,Female
323,Catherin,Abeles,cabeles8y@spotify.com,Female
324,Valry,Callum,vcallum8z@mapquest.com,Female
325,Christi,Picknett,cpicknett90@bloglovin.com,Female
326,Andrus,Rider,arider91@admin.ch,Male
327,Winne,Janatka,wjanatka92@psu.edu,Female
328,Padraig,Peche,ppeche93@technorati.com,Male
329,Cointon,Seres,cseres94@whitehouse.gov,Male
330,Paton,Orfeur,porfeur95@is.gd,Male
331,Demeter,Allaker,dallaker96@noaa.gov,Female
332,Gradeigh,Diggins,gdiggins97@hatena.ne.jp,Male
333,Lisa,Halbard,lhalbard98@nature.com,Female
334,Crosby,Covely,ccovely99@mlb.com,Male
335,Leonard,Heggison,lheggison9a@google.es,Non-binary
336,Joellen,Brashier,jbrashier9b@shutterfly.com,Female
337,Muffin,O'Hannen,mohannen9c@discuz.net,Female
338,Aundrea,Bramham,abramham9d@flickr.com,Female
339,Cristiano,Drinkwater,cdrinkwater9e@geocities.jp,Non-binary
340,Nickolai,Bohman,nbohman9f@harvard.edu,Agender
341,Lamar,Boggon,lboggon9g@xing.com,Non-binary
342,Siouxie,Cardenoso,scardenoso9h@rakuten.co.jp,Female
343,Rickey,Tabb,rtabb9i@delicious.com,Male
344,Paulette,Measures,pmeasures9j@dailymotion.com,Genderqueer
345,Jethro,Jay,jjay9k@examiner.com,Male
346,Allard,Kington,akington9l@marketwatch.com,Male
347,Saba,French,sfrench9m@slideshare.net,Female
348,Dareen,Howsan,dhowsan9n@sciencedirect.com,Female
349,Frederick,Harold,fharold9o@parallels.com,Male
350,Marcelia,Saile,msaile9p@marriott.com,Female
351,Aristotle,Lees,alees9q@wix.com,Male
352,Sophey,Kleinplac,skleinplac9r@loc.gov,Female
353,Kandy,Hulke,khulke9s@paginegialle.it,Female
354,Deny,Backsal,dbacksal9t@yellowbook.com,Female
355,Gawen,Lansdown,glansdown9u@163.com,Male
356,Muhammad,Suggitt,msuggitt9v@pinterest.com,Male
357,Dorolisa,Byrd,dbyrd9w@rakuten.co.jp,Female
358,Meris,Dickson,mdickson9x@nba.com,Female
359,Dominic,Grishanov,dgrishanov9y@1und1.de,Male
360,Ofella,McKean,omckean9z@latimes.com,Female
361,Kirstin,Cogan,kcogana0@admin.ch,Female
362,Noni,Du Fray,ndufraya1@chron.com,Female
363,Meg,Swiffin,mswiffina2@webs.com,Female
364,Lilah,Hartridge,lhartridgea3@sphinn.com,Female
365,Dionis,Adriaan,dadriaana4@alexa.com,Female
366,Zolly,Champneys,zchampneysa5@paginegialle.it,Male
367,Donny,Kilbourn,dkilbourna6@people.com.cn,Male
368,Fanechka,Stivens,fstivensa7@flickr.com,Female
369,Konstance,Keese,kkeesea8@sciencedaily.com,Agender
370,Thia,Haddleston,thaddlestona9@cafepress.com,Female
371,Noland,Booler,nbooleraa@fotki.com,Male
372,Nyssa,Geator,ngeatorab@lycos.com,Female
373,Lorita,Boden,lbodenac@dot.gov,Bigender
374,Ealasaid,Woodyatt,ewoodyattad@businessweek.com,Female
375,Lou,O'Riordan,loriordanae@toplist.cz,Male
376,Jillana,Besse,jbesseaf@opera.com,Female
377,Leon,Bradmore,lbradmoreag@ow.ly,Male
378,Sawyere,Winchcomb,swinchcombah@dion.ne.jp,Male
379,Louise,Behninck,lbehninckai@w3.org,Female
380,Arabel,MacLeese,amacleeseaj@networkadvertising.org,Female
381,Wilt,Trittam,wtrittamak@huffingtonpost.com,Genderqueer
382,Lemmie,Pound,lpoundal@nps.gov,Male
383,Zed,Farney,zfarneyam@microsoft.com,Male
384,Hymie,Le Clercq,hleclercqan@businessinsider.com,Male
385,Seamus,Radin,sradinao@issuu.com,Male
386,Joelle,Tiner,jtinerap@cbslocal.com,Female
387,Yard,Greger,ygregeraq@mapquest.com,Male
388,Wilburt,Stokell,wstokellar@biblegateway.com,Male
389,Oralia,Kliemchen,okliemchenas@squarespace.com,Female
390,Jany,Diament,jdiamentat@yellowpages.com,Female
391,Audry,Cawthorne,acawthorneau@nba.com,Non-binary
392,Melodie,Betton,mbettonav@tuttocitta.it,Female
393,Woodrow,Lynthal,wlynthalaw@posterous.com,Male
394,Georgie,Tamas,gtamasax@webnode.com,Female
395,Heidie,Milmore,hmilmoreay@aol.com,Female
396,Kaela,Goodbanne,kgoodbanneaz@redcross.org,Polygender
397,Dana,Zimek,dzimekb0@guardian.co.uk,Female
398,Valeria,Krienke,vkrienkeb1@berkeley.edu,Female
399,Abram,Ringwood,aringwoodb2@guardian.co.uk,Male
400,Devan,Blondin,dblondinb3@i2i.jp,Female
401,Reeva,Gosson,rgossonb4@cornell.edu,Female
402,Kleon,Gallihaulk,kgallihaulkb5@free.fr,Male
403,Neall,Brookhouse,nbrookhouseb6@blogtalkradio.com,Male
404,Tallou,McCawley,tmccawleyb7@nba.com,Female
405,Sheilakathryn,Wightman,swightmanb8@wikimedia.org,Female
406,Karon,Mordie,kmordieb9@prweb.com,Female
407,Ruggiero,Savaage,rsavaageba@weather.com,Male
408,Willi,McIlwraith,wmcilwraithbb@walmart.com,Male
409,Raffarty,Butchart,rbutchartbc@google.it,Male
410,Cammie,Aronin,caroninbd@latimes.com,Female
411,Tania,Hartless,thartlessbe@geocities.jp,Female
412,Sela,Calder,scalderbf@apache.org,Female
413,Flossy,Tichelaar,ftichelaarbg@shutterfly.com,Female
414,Edan,Reford,erefordbh@admin.ch,Male
415,Timmie,Brockest,tbrockestbi@wsj.com,Female
416,Jabez,Kill,jkillbj@msu.edu,Non-binary
417,Eve,Kinzel,ekinzelbk@walmart.com,Female
418,Kayla,MacKniely,kmacknielybl@dedecms.com,Genderfluid
419,Florenza,Goodburn,fgoodburnbm@patch.com,Female
420,Morton,Skain,mskainbn@webeden.co.uk,Male
421,Horton,Walliker,hwallikerbo@amazon.co.uk,Male
422,Elfreda,McCorley,emccorleybp@npr.org,Female
423,Binnie,Huxley,bhuxleybq@usgs.gov,Female
424,Pepe,Josephsen,pjosephsenbr@state.gov,Male
425,Mariya,Rebbeck,mrebbeckbs@yahoo.com,Female
426,Damian,McIndrew,dmcindrewbt@squidoo.com,Male
427,Kaylyn,Lashmore,klashmorebu@oracle.com,Female
428,Kayle,Strainge,kstraingebv@diigo.com,Female
429,Frieda,Gresly,fgreslybw@vistaprint.com,Female
430,Derrick,Durak,ddurakbx@omniture.com,Non-binary
431,Staffard,Di Bartolommeo,sdibartolommeoby@barnesandnoble.com,Bigender
432,Andris,Philipard,aphilipardbz@biblegateway.com,Male
433,Issi,Inold,iinoldc0@tripadvisor.com,Female
434,Danya,Alexsandrov,dalexsandrovc1@alexa.com,Female
435,Geoff,Aucott,gaucottc2@nbcnews.com,Male
436,Conrade,Queste,cquestec3@craigslist.org,Male
437,Hetti,Hecks,hhecksc4@foxnews.com,Female
438,Timi,Ferrie,tferriec5@devhub.com,Female
439,Hyacinth,Elletson,helletsonc6@cornell.edu,Female
440,Rozina,Griswaite,rgriswaitec7@amazon.de,Female
441,Tore,Ragge,traggec8@mozilla.org,Male
442,Merilee,McCreedy,mmccreedyc9@java.com,Female
443,Tomas,Cartledge,tcartledgeca@phoca.cz,Male
444,Fanechka,Fretwell,ffretwellcb@squidoo.com,Female
445,Shari,Torns,stornscc@google.com.br,Female
446,Ginni,Esposi,gesposicd@kickstarter.com,Female
447,Harry,Leavry,hleavryce@ezinearticles.com,Male
448,Quillan,Burgin,qburgincf@bigcartel.com,Male
449,Hubert,Batistelli,hbatistellicg@pen.io,Male
450,Giraldo,Halifax,ghalifaxch@goo.ne.jp,Male
451,Phip,Stemp,pstempci@noaa.gov,Genderqueer
452,Kev,Phillp,kphillpcj@apple.com,Male
453,Olivette,McGonnell,omcgonnellck@disqus.com,Female
454,Collen,Pressland,cpresslandcl@pcworld.com,Female
455,Gaylord,Ruprechter,gruprechtercm@geocities.jp,Male
456,Rowe,Croal,rcroalcn@icio.us,Female
457,Boniface,Calow,bcalowco@hhs.gov,Male
458,Alex,Bauman,abaumancp@ustream.tv,Male
459,Dionne,Jellico,djellicocq@surveymonkey.com,Female
460,Marco,Dengate,mdengatecr@illinois.edu,Male
461,Katlin,Percy,kpercycs@sina.com.cn,Female
462,Ban,Playhill,bplayhillct@bizjournals.com,Male
463,Robinet,Ramberg,rrambergcu@ucoz.ru,Male
464,Ezri,Gorsse,egorssecv@washington.edu,Male
465,Vinita,Cootes,vcootescw@qq.com,Female
466,Saunder,Meaker,smeakercx@mtv.com,Male
467,Georgina,Gittens,ggittenscy@huffingtonpost.com,Female
468,Aleen,De Vaux,adevauxcz@dedecms.com,Female
469,Reginauld,Thomassin,rthomassind0@telegraph.co.uk,Male
470,Nessie,Cremer,ncremerd1@patch.com,Female
471,Galvin,Allsup,gallsupd2@un.org,Male
472,Devi,Hawkett,dhawkettd3@marketwatch.com,Female
473,Connie,Bachelar,cbachelard4@unicef.org,Male
474,Ulberto,Bolingbroke,ubolingbroked5@google.it,Male
475,Hymie,Pullin,hpullind6@woothemes.com,Male
476,Guendolen,Label,glabeld7@google.cn,Female
477,Culley,Hatherleigh,chatherleighd8@simplemachines.org,Male
478,Xylina,Phare,xphared9@amazonaws.com,Female
479,Farrand,Accum,faccumda@alibaba.com,Female
480,Fawn,Beining,fbeiningdb@economist.com,Female
481,Jorge,Romeril,jromerildc@rakuten.co.jp,Male
482,Pietrek,Yakov,pyakovdd@4shared.com,Male
483,Nona,Brayshaw,nbrayshawde@cisco.com,Female
484,Hermon,MacIlraith,hmacilraithdf@linkedin.com,Male
485,Weider,Maevela,wmaeveladg@prweb.com,Male
486,Vinnie,Phayre,vphayredh@guardian.co.uk,Male
487,John,Chesson,jchessondi@friendfeed.com,Male
488,Chrissy,Jobbing,cjobbingdj@forbes.com,Male
489,Arvin,Hungerford,ahungerforddk@japanpost.jp,Genderqueer
490,Akim,Burwood,aburwooddl@fc2.com,Male
491,Vincenty,Coggeshall,vcoggeshalldm@purevolume.com,Male
492,Fair,Wevell,fwevelldn@huffingtonpost.com,Male
493,Gilbert,Surmeyer,gsurmeyerdo@patch.com,Male
494,Rene,Heazel,rheazeldp@tumblr.com,Male
495,Gayla,O'Ruane,goruanedq@boston.com,Genderfluid
496,Forbes,Szwandt,fszwandtdr@godaddy.com,Male
497,Lily,Rutt,lruttds@seattletimes.com,Female
498,Sanderson,Baudry,sbaudrydt@amazon.co.uk,Male
499,Jeremy,Otto,jottodu@dell.com,Male
500,Maye,Yakuntsov,myakuntsovdv@ning.com,Female
501,Whitney,Kharchinski,wkharchinskidw@amazon.co.uk,Female
502,Neille,Filippello,nfilippellodx@jiathis.com,Female
503,Michaeline,Cheng,mchengdy@paypal.com,Female
504,Ozzie,Shillan,oshillandz@ebay.co.uk,Male
505,Stormie,Barribal,sbarribale0@epa.gov,Female
506,Jacqui,Kellen,jkellene1@hud.gov,Female
507,Gladi,Staning,gstaninge2@eventbrite.com,Female
508,Clyve,Witul,cwitule3@sbwire.com,Male
509,Gaylord,Avann,gavanne4@vkontakte.ru,Male
510,Risa,Liepmann,rliepmanne5@dagondesign.com,Female
511,Jorge,Mackin,jmackine6@51.la,Male
512,Gypsy,Wey,gweye7@hud.gov,Female
513,Jordon,Grzelak,jgrzelake8@123-reg.co.uk,Male
514,Jay,Faireclough,jfairecloughe9@cloudflare.com,Male
515,Tanya,Keywood,tkeywoodea@lulu.com,Female
516,Towny,Mularkey,tmularkeyeb@twitpic.com,Male
517,Laurel,Goodbairn,lgoodbairnec@pagesperso-orange.fr,Female
518,Benn,Bowerbank,bbowerbanked@sitemeter.com,Male
519,Nixie,Fuente,nfuenteee@wikispaces.com,Female
520,Leisha,Naisey,lnaiseyef@yellowbook.com,Female
521,Ellis,Robillart,erobillarteg@sohu.com,Male
522,Lazaro,Sedger,lsedgereh@jugem.jp,Male
523,Mandel,Luckie,mluckieei@linkedin.com,Male
524,Bill,Allingham,ballinghamej@narod.ru,Male
525,Tamqrah,Gerretsen,tgerretsenek@flickr.com,Female
526,Templeton,Legrave,tlegraveel@google.com,Male
527,Emmeline,Itzig,eitzigem@deliciousdays.com,Female
528,Roderigo,Look,rlooken@google.com,Male
529,Von,Blanshard,vblanshardeo@printfriendly.com,Male
530,Lowe,Courson,lcoursonep@ocn.ne.jp,Male
531,Conny,Chillingworth,cchillingwortheq@ibm.com,Female
532,Filip,Scoggin,fscogginer@wikia.com,Male
533,Rafael,Corry,rcorryes@si.edu,Male
534,Glynda,Swaite,gswaiteet@purevolume.com,Polygender
535,Charla,Malek,cmalekeu@imageshack.us,Bigender
536,Lara,Capaldo,lcapaldoev@123-reg.co.uk,Female
537,Chloette,Cashen,ccashenew@ning.com,Female
538,Reese,de Lloyd,rdelloydex@senate.gov,Genderqueer
539,Tanitansy,Endricci,tendricciey@lulu.com,Female
540,Kip,Clineck,kclineckez@jigsy.com,Male
541,Willard,Boykett,wboykettf0@msn.com,Male
542,Baryram,Sansum,bsansumf1@google.co.uk,Male
543,Erna,De Giorgi,edegiorgif2@prlog.org,Female
544,Daisy,Marham,dmarhamf3@berkeley.edu,Female
545,Corrine,Brislen,cbrislenf4@myspace.com,Female
546,Nina,Galer,ngalerf5@icio.us,Female
547,Avis,O'Hanlon,aohanlonf6@stumbleupon.com,Female
548,Walsh,Weir,wweirf7@ibm.com,Polygender
549,Dominik,Kingscote,dkingscotef8@blogger.com,Genderqueer
550,Fanya,Petcher,fpetcherf9@aboutads.info,Female
551,Harv,Prugel,hprugelfa@linkedin.com,Male
552,Gifford,Foxley,gfoxleyfb@vistaprint.com,Male
553,Lisle,Brearley,lbrearleyfc@nasa.gov,Male
554,Catlaina,Lamasna,clamasnafd@livejournal.com,Female
555,Arabel,Pembridge,apembridgefe@indiatimes.com,Female
556,Klarika,Leys,kleysff@bluehost.com,Female
557,Edna,Hazlewood,ehazlewoodfg@gmpg.org,Female
558,Chiquita,Kinnon,ckinnonfh@pbs.org,Female
559,Marc,Pattinson,mpattinsonfi@deliciousdays.com,Male
560,Erinn,Wilde,ewildefj@gov.uk,Female
561,Nikos,Manktelow,nmanktelowfk@youtube.com,Male
562,Vikki,Grahame,vgrahamefl@naver.com,Female
563,Tony,Gilardi,tgilardifm@rediff.com,Female
564,Ronni,Wombwell,rwombwellfn@people.com.cn,Female
565,Ford,Montrose,fmontrosefo@unc.edu,Male
566,Earl,Keggin,ekegginfp@xinhuanet.com,Male
567,Harlin,Zanicchelli,hzanicchellifq@nature.com,Male
568,Raeann,Stebbings,rstebbingsfr@spiegel.de,Female
569,Ody,Joao,ojoaofs@devhub.com,Male
570,Marielle,Gavrielli,mgavriellift@quantcast.com,Female
571,Ralina,Tumility,rtumilityfu@istockphoto.com,Female
572,Herta,Gellately,hgellatelyfv@fda.gov,Female
573,Aldon,Durrand,adurrandfw@hugedomains.com,Male
574,Mariel,Jakovijevic,mjakovijevicfx@dagondesign.com,Female
575,Moses,Mille,mmillefy@miibeian.gov.cn,Male
576,Janie,Suddick,jsuddickfz@shutterfly.com,Female
577,Zackariah,Kitt,zkittg0@tinyurl.com,Male
578,Kendra,Shankster,kshanksterg1@goo.gl,Female
579,Morly,Di Giacomettino,mdigiacomettinog2@webeden.co.uk,Male
580,Lilli,McIlhatton,lmcilhattong3@mtv.com,Female
581,Erv,Toomer,etoomerg4@cyberchimps.com,Male
582,Bartolomeo,Hartwright,bhartwrightg5@nymag.com,Male
583,Grover,Baldacchino,gbaldacchinog6@wunderground.com,Male
584,Em,McCosh,emccoshg7@paypal.com,Female
585,Tova,Giottoi,tgiottoig8@google.cn,Female
586,Quintin,Lovatt,qlovattg9@canalblog.com,Male
587,Stephani,Heningham,sheninghamga@deliciousdays.com,Female
588,Oralee,Swine,oswinegb@ebay.com,Female
589,Doreen,Sinncock,dsinncockgc@etsy.com,Female
590,Meade,De Bischof,mdebischofgd@about.me,Female
591,Karlie,Dymott,kdymottge@sohu.com,Female
592,Giorgi,Dradey,gdradeygf@networkadvertising.org,Male
593,Mandel,Tumbelty,mtumbeltygg@networkadvertising.org,Male
594,Korey,Mallows,kmallowsgh@reference.com,Male
595,Isa,MacAless,imacalessgi@go.com,Genderfluid
596,Luis,Basterfield,lbasterfieldgj@nationalgeographic.com,Male
597,Jephthah,Shields,jshieldsgk@tiny.cc,Male
598,Niles,Tytherton,ntythertongl@census.gov,Male
599,Marleen,Siene,msienegm@tinypic.com,Female
600,Marilyn,Dallicott,mdallicottgn@com.com,Genderqueer
601,Celine,Crosswaite,ccrosswaitego@google.co.uk,Female
602,Erek,Facchini,efacchinigp@unc.edu,Male
603,Adrien,Arkow,aarkowgq@accuweather.com,Male
604,Filia,Grimwood,fgrimwoodgr@topsy.com,Female
605,Raoul,Paolozzi,rpaolozzigs@sfgate.com,Male
606,Khalil,Venny,kvennygt@slate.com,Male
607,Anet,Fone,afonegu@shop-pro.jp,Female
608,Melany,Dahlgren,mdahlgrengv@w3.org,Female
609,Ebony,Epps,eeppsgw@wsj.com,Female
610,Sibley,Leifer,sleifergx@skype.com,Female
611,Araldo,Caldeyroux,acaldeyrouxgy@wix.com,Genderfluid
612,Margaretha,Wythe,mwythegz@moonfruit.com,Female
613,Blair,Sherrington,bsherringtonh0@blogspot.com,Female
614,Petr,Stears,pstearsh1@dropbox.com,Male
615,Bucky,Hayland,bhaylandh2@artisteer.com,Male
616,Lenora,Syrad,lsyradh3@china.com.cn,Female
617,Tandie,D'Arrigo,tdarrigoh4@census.gov,Female
618,Dorelle,Muddiman,dmuddimanh5@hexun.com,Female
619,Garrett,Yeardsley,gyeardsleyh6@whitehouse.gov,Male
620,Tabina,Windas,twindash7@businessinsider.com,Female
621,Tracy,Paylor,tpaylorh8@friendfeed.com,Female
622,Sander,Doche,sdocheh9@imgur.com,Male
623,Roma,Riddell,rriddellha@slideshare.net,Male
624,Tirrell,Powderham,tpowderhamhb@netvibes.com,Male
625,Almeta,Beauvais,abeauvaishc@hud.gov,Female
626,Dyanna,Gathercole,dgathercolehd@infoseek.co.jp,Female
627,Sibelle,Hovee,shoveehe@yahoo.co.jp,Female
628,Irena,Bleasby,ibleasbyhf@youtube.com,Agender
629,Giorgia,MacGray,gmacgrayhg@yale.edu,Non-binary
630,Bobinette,Danilchev,bdanilchevhh@biglobe.ne.jp,Female
631,Esra,MacKean,emackeanhi@joomla.org,Genderfluid
632,Curtice,Chewter,cchewterhj@yellowpages.com,Non-binary
633,Cleveland,Bode,cbodehk@pinterest.com,Male
634,Marieann,Rolfini,mrolfinihl@vk.com,Female
635,Alasdair,Divill,adivillhm@ftc.gov,Male
636,Jodee,Dorrell,jdorrellhn@un.org,Female
637,Cathee,Dewerson,cdewersonho@simplemachines.org,Female
638,Worden,McKimm,wmckimmhp@nhs.uk,Male
639,Wylma,Absalom,wabsalomhq@cnet.com,Female
640,Kean,Risbie,krisbiehr@patch.com,Genderqueer
641,Lianna,Goulstone,lgoulstonehs@yolasite.com,Female
642,Catlaina,Futter,cfutterht@oakley.com,Female
643,Rhys,Dadds,rdaddshu@google.de,Male
644,Eachelle,Matfield,ematfieldhv@ox.ac.uk,Female
645,Garvin,Orteaux,gorteauxhw@ucla.edu,Male
646,Casey,Sinnett,csinnetthx@ebay.com,Female
647,Dulcine,Verring,dverringhy@tinypic.com,Female
648,Sabra,D'Almeida,sdalmeidahz@mlb.com,Female
649,Rubia,Zoanetti,rzoanettii0@hubpages.com,Polygender
650,Isabelle,Sprull,isprulli1@discovery.com,Female
651,Miner,Dulanty,mdulantyi2@ebay.co.uk,Male
652,Charisse,Zambon,czamboni3@msu.edu,Female
653,Emmaline,Forgie,eforgiei4@japanpost.jp,Female
654,Minta,Reyson,mreysoni5@studiopress.com,Female
655,Ardys,Greenley,agreenleyi6@diigo.com,Female
656,Mickie,Dyter,mdyteri7@wufoo.com,Female
657,Karylin,Tulloch,ktullochi8@printfriendly.com,Female
658,Loella,Blowin,lblowini9@goo.gl,Female
659,Anselm,Bleiman,ableimania@indiegogo.com,Male
660,Keely,Mendenhall,kmendenhallib@bing.com,Female
661,Elberta,Southouse,esouthouseic@multiply.com,Female
662,Kippar,Dennistoun,kdennistounid@linkedin.com,Male
663,Casi,Demko,cdemkoie@mozilla.org,Female
664,Celestina,Benne,cbenneif@skype.com,Female
665,Cody,Fury,cfuryig@time.com,Female
666,Costa,Bish,cbishih@wired.com,Male
667,Evangeline,Neesam,eneesamii@dagondesign.com,Female
668,Dominik,Twitty,dtwittyij@state.tx.us,Agender
669,Parke,Pilch,ppilchik@behance.net,Male
670,Ferdinande,Fores,fforesil@domainmarket.com,Genderfluid
671,Kristien,Grestye,kgrestyeim@ucoz.com,Female
672,Helene,Ringham,hringhamin@census.gov,Female
673,Alika,Blaxill,ablaxillio@imgur.com,Genderfluid
674,Haily,Dufall,hdufallip@sfgate.com,Male
675,Antoinette,Moralee,amoraleeiq@sbwire.com,Female
676,Nonie,Sneller,nsnellerir@1und1.de,Female
677,Brianne,Wellesley,bwellesleyis@businessweek.com,Female
678,Duffie,Dumpleton,ddumpletonit@reddit.com,Male
679,Leda,Chanson,lchansoniu@earthlink.net,Female
680,Danica,Kybbye,dkybbyeiv@java.com,Female
681,Sara-ann,Heyward,sheywardiw@bbb.org,Female
682,Tonnie,Botha,tbothaix@census.gov,Agender
683,Hollyanne,Ortega,hortegaiy@webeden.co.uk,Female
684,Ferrel,Coggeshall,fcoggeshalliz@adobe.com,Male
685,Ira,Euler,ieulerj0@blinklist.com,Male
686,Carmelita,Haselden,chaseldenj1@google.es,Female
687,Sarge,Henrot,shenrotj2@cdbaby.com,Male
688,Far,Barehead,fbareheadj3@flickr.com,Male
689,Bethena,Avarne,bavarnej4@wired.com,Female
690,Ashley,Delamaine,adelamainej5@posterous.com,Female
691,Cathrin,Lownds,clowndsj6@psu.edu,Female
692,Tedman,Mailes,tmailesj7@fc2.com,Male
693,Emeline,Kryzhov,ekryzhovj8@constantcontact.com,Female
694,Freemon,Farquar,ffarquarj9@bloglovin.com,Male
695,Clotilda,Caneo,ccaneoja@constantcontact.com,Female
696,Idell,Dabes,idabesjb@theglobeandmail.com,Female
697,Fayth,Gerrietz,fgerrietzjc@ifeng.com,Female
698,Moss,Philo,mphilojd@nydailynews.com,Male
699,Jorey,Lamas,jlamasje@wisc.edu,Female
700,Corbett,Annear,cannearjf@cmu.edu,Male
701,Aldwin,Withull,awithulljg@joomla.org,Male
702,Welbie,Stockney,wstockneyjh@goo.gl,Male
703,Virgie,Bolland,vbollandji@phoca.cz,Female
704,Aland,Critchley,acritchleyjj@amazon.de,Genderqueer
705,Gav,Gocke,ggockejk@posterous.com,Male
706,Celka,Sullens,csullensjl@feedburner.com,Female
707,Quillan,Stirrip,qstirripjm@delicious.com,Male
708,Robbert,Monnelly,rmonnellyjn@fda.gov,Bigender
709,Sebastien,Giacopelo,sgiacopelojo@yolasite.com,Male
710,Nelie,Sline,nslinejp@shop-pro.jp,Female
711,Uriah,Fewkes,ufewkesjq@booking.com,Male
712,Rey,Bucknall,rbucknalljr@hibu.com,Female
713,Bertram,Rathmell,brathmelljs@ftc.gov,Male
714,Linnet,Remon,lremonjt@zimbio.com,Female
715,Obadiah,Henlon,ohenlonju@mtv.com,Male
716,Krystal,MacGibbon,kmacgibbonjv@blog.com,Female
717,Alyosha,Lowthian,alowthianjw@tripod.com,Male
718,Davide,De Carlo,ddecarlojx@bbb.org,Male
719,Pier,Eskriett,peskriettjy@usgs.gov,Female
720,Duky,Woolgar,dwoolgarjz@csmonitor.com,Male
721,Adrian,Grichukhanov,agrichukhanovk0@tripadvisor.com,Bigender
722,Vanna,Libby,vlibbyk1@ebay.co.uk,Female
723,Feliza,Stonham,fstonhamk2@craigslist.org,Female
724,Benedicto,Sesons,bsesonsk3@hud.gov,Genderfluid
725,Zacharia,Poynzer,zpoynzerk4@google.es,Male
726,Portie,Mollatt,pmollattk5@scribd.com,Male
727,Lorenzo,Mulholland,lmulhollandk6@google.com,Male
728,Dunn,Goshawke,dgoshawkek7@blinklist.com,Non-binary
729,Conant,Stickley,cstickleyk8@myspace.com,Male
730,Brana,Hardie,bhardiek9@tuttocitta.it,Female
731,Erda,Castanares,ecastanareska@un.org,Female
732,Scot,Ondricek,sondricekkb@hp.com,Male
733,Bonnee,Stevens,bstevenskc@instagram.com,Agender
734,Quent,McClory,qmcclorykd@over-blog.com,Male
735,Jillane,Asplin,jasplinke@msu.edu,Bigender
736,Hali,Falla,hfallakf@howstuffworks.com,Female
737,Bailey,Emblow,bemblowkg@netlog.com,Male
738,Sada,Kynvin,skynvinkh@utexas.edu,Female
739,Cookie,Caddan,ccaddanki@purevolume.com,Female
740,Sybil,Kornyakov,skornyakovkj@flavors.me,Genderqueer
741,Amelina,Thurston,athurstonkk@ycombinator.com,Female
742,Dunn,Noone,dnoonekl@cisco.com,Polygender
743,Tristam,Gourley,tgourleykm@unblog.fr,Male
744,Theodor,Dungee,tdungeekn@sphinn.com,Male
745,Ingram,Kettley,ikettleyko@newyorker.com,Male
746,Matthaeus,Boseley,mboseleykp@phpbb.com,Male
747,Jenny,Cawthry,jcawthrykq@plala.or.jp,Female
748,Merwin,Benbow,mbenbowkr@soundcloud.com,Male
749,Barnebas,Gammill,bgammillks@sourceforge.net,Male
750,Moore,Rickwood,mrickwoodkt@forbes.com,Male
751,Clari,Westhoff,cwesthoffku@yahoo.co.jp,Female
752,Ulric,Haacker,uhaackerkv@twitpic.com,Male
753,Isidor,Oman,iomankw@tamu.edu,Male
754,Querida,Larmuth,qlarmuthkx@goo.ne.jp,Female
755,Carolann,Bauduccio,cbauduccioky@cnn.com,Agender
756,Morty,Laguerre,mlaguerrekz@gnu.org,Male
757,Myrwyn,Kemwal,mkemwall0@ehow.com,Male
758,Conni,Cardwell,ccardwelll1@irs.gov,Female
759,Jessamyn,Dewbury,jdewburyl2@weebly.com,Agender
760,Mehetabel,Fermer,mfermerl3@icq.com,Female
761,Milli,Bertlin,mbertlinl4@people.com.cn,Female
762,Bret,Coye,bcoyel5@ycombinator.com,Male
763,Kettie,Bing,kbingl6@sakura.ne.jp,Non-binary
764,Bevon,Maddra,bmaddral7@indiatimes.com,Male
765,Ariel,Berkley,aberkleyl8@si.edu,Male
766,Ninnetta,Gilardengo,ngilardengol9@parallels.com,Female
767,Morse,Lumsdale,mlumsdalela@reference.com,Male
768,Doti,Reboulet,drebouletlb@istockphoto.com,Non-binary
769,Abey,Gother,agotherlc@skyrock.com,Male
770,Sutherlan,Loyndon,sloyndonld@prlog.org,Male
771,Brenna,Farmer,bfarmerle@nytimes.com,Female
772,Burnard,Enga,bengalf@themeforest.net,Male
773,Ferne,Critchard,fcritchardlg@pinterest.com,Female
774,Winn,Reburn,wreburnlh@mail.ru,Male
775,Norris,Alstead,nalsteadli@constantcontact.com,Male
776,Wylma,Klus,wkluslj@slashdot.org,Female
777,Averil,Di Maria,adimarialk@google.com,Male
778,Floyd,Zanetello,fzanetelloll@rambler.ru,Male
779,Karie,Tutchings,ktutchingslm@mtv.com,Female
780,Aurel,Meaddowcroft,ameaddowcroftln@shop-pro.jp,Female
781,Teresina,Livock,tlivocklo@is.gd,Female
782,Mona,Marguerite,mmargueritelp@twitter.com,Female
783,Damita,Sebley,dsebleylq@imageshack.us,Female
784,Joete,Brymham,jbrymhamlr@auda.org.au,Female
785,Nadia,Beardsell,nbeardsellls@un.org,Female
786,Chip,Vowells,cvowellslt@amazon.com,Male
787,Mireielle,Surplice,msurplicelu@imgur.com,Female
788,Eugenie,Lennie,elennielv@nasa.gov,Female
789,Norbert,Simchenko,nsimchenkolw@amazon.de,Male
790,Lucia,Letchford,lletchfordlx@geocities.jp,Female
791,Maressa,O'Tierney,motierneyly@exblog.jp,Female
792,Kayne,Shann,kshannlz@mac.com,Male
793,Colleen,Forrestor,cforrestorm0@canalblog.com,Female
794,Creight,Vallis,cvallism1@friendfeed.com,Male
795,Yetta,Hinze,yhinzem2@umn.edu,Female
796,Wain,Ockleshaw,wockleshawm3@github.io,Male
797,Bibby,Hollows,bhollowsm4@psu.edu,Female
798,Jammal,Stocken,jstockenm5@usa.gov,Genderfluid
799,Lorette,Najafian,lnajafianm6@vimeo.com,Female
800,Bennie,Fawke,bfawkem7@ucoz.ru,Genderfluid
801,Harmon,Traynor,htraynorm8@toplist.cz,Agender
802,Boote,Corrison,bcorrisonm9@printfriendly.com,Male
803,Jourdan,Goldwater,jgoldwaterma@vimeo.com,Female
804,Xever,Molyneaux,xmolyneauxmb@jalbum.net,Male
805,Angil,Tebbut,atebbutmc@opera.com,Agender
806,Bartholomeus,Sphinxe,bsphinxemd@pen.io,Male
807,Aksel,Nelmes,anelmesme@scribd.com,Male
808,Malinda,Healeas,mhealeasmf@com.com,Female
809,Querida,Camp,qcampmg@globo.com,Female
810,Matthias,Laidler,mlaidlermh@google.com,Male
811,Boonie,Sarge,bsargemi@java.com,Male
812,Waiter,Serotsky,wserotskymj@github.com,Male
813,Mag,Behrens,mbehrensmk@csmonitor.com,Female
814,Dory,Bampkin,dbampkinml@ovh.net,Female
815,Neal,Adanez,nadanezmm@google.ru,Male
816,Gwyn,Kell,gkellmn@cargocollective.com,Female
817,Gregory,Starkings,gstarkingsmo@ucoz.com,Male
818,Lorin,La Rosa,llarosamp@feedburner.com,Male
819,Merwyn,Jeandillou,mjeandilloumq@hatena.ne.jp,Male
820,Vincenty,Sydall,vsydallmr@live.com,Male
821,Neville,Goble,ngoblems@nasa.gov,Male
822,Kim,Tixall,ktixallmt@ameblo.jp,Female
823,Gualterio,Felstead,gfelsteadmu@youtu.be,Male
824,Gerhardine,Chesshyre,gchesshyremv@google.com.au,Non-binary
825,Kennedy,Mc Ilory,kmcilorymw@hud.gov,Male
826,Garrard,Grevel,ggrevelmx@xing.com,Male
827,Desiri,Baude,dbaudemy@t.co,Female
828,Hodge,Diglin,hdiglinmz@go.com,Male
829,Meggy,Erangey,merangeyn0@biglobe.ne.jp,Female
830,Bette-ann,Manson,bmansonn1@yelp.com,Agender
831,Norton,Breewood,nbreewoodn2@google.com.hk,Male
832,Lukas,Kingham,lkinghamn3@cmu.edu,Male
833,Reggie,Lovett,rlovettn4@cnbc.com,Female
834,Nicholas,Hattoe,nhattoen5@opensource.org,Male
835,Sonny,Wilde,swilden6@disqus.com,Male
836,Demeter,Fellgatt,dfellgattn7@samsung.com,Female
837,Guglielmo,Gatchell,ggatchelln8@over-blog.com,Male
838,Boy,Servis,bservisn9@berkeley.edu,Male
839,Mikkel,Bernardin,mbernardinna@sfgate.com,Male
840,Roana,De Maine,rdemainenb@addthis.com,Female
841,Helsa,Grishaev,hgrishaevnc@geocities.jp,Female
842,Aluin,Andreu,aandreund@sina.com.cn,Male
843,Millard,Fealey,mfealeyne@ed.gov,Polygender
844,Durante,Vest,dvestnf@studiopress.com,Male
845,Shaine,Devers,sdeversng@spiegel.de,Male
846,Patten,Harkin,pharkinnh@over-blog.com,Male
847,Renault,Causer,rcauserni@cbslocal.com,Male
848,Josepha,Charlotte,jcharlottenj@pinterest.com,Female
849,Barrett,Iglesias,biglesiasnk@google.de,Male
850,Alaric,Galway,agalwaynl@storify.com,Male
851,Nolana,Penfold,npenfoldnm@typepad.com,Female
852,Clarence,Pates,cpatesnn@walmart.com,Male
853,Levi,Penna,lpennano@moonfruit.com,Male
854,Elna,Broster,ebrosternp@fastcompany.com,Female
855,Teodoro,Guttridge,tguttridgenq@cbslocal.com,Male
856,Cass,Nardoni,cnardoninr@dedecms.com,Male
857,Dottie,Glanvill,dglanvillns@comcast.net,Female
858,Katine,Clyant,kclyantnt@elpais.com,Female
859,Chico,Jime,cjimenu@guardian.co.uk,Male
860,Brinn,Colquyte,bcolquytenv@forbes.com,Female
861,Rea,Bever,rbevernw@rambler.ru,Female
862,Ettore,Lewsam,elewsamnx@theglobeandmail.com,Non-binary
863,Tallou,Oddy,toddyny@etsy.com,Female
864,Rivi,Forstall,rforstallnz@tiny.cc,Bigender
865,Sharl,Scholes,sscholeso0@cocolog-nifty.com,Female
866,Cornela,Spir,cspiro1@nymag.com,Female
867,Cyril,Alexsandrovich,calexsandrovicho2@shinystat.com,Non-binary
868,Farlee,Maciejewski,fmaciejewskio3@amazon.de,Male
869,Jennette,Anstey,jansteyo4@cmu.edu,Female
870,Mic,Horbath,mhorbatho5@ucoz.ru,Male
871,Boyce,Pear,bpearo6@google.it,Male
872,Lise,Kennford,lkennfordo7@github.io,Agender
873,Pablo,Lummasana,plummasanao8@redcross.org,Male
874,Tarra,Paff,tpaffo9@reddit.com,Agender
875,Alanna,Dyet,adyetoa@zimbio.com,Female
876,Hugh,Scintsbury,hscintsburyob@ustream.tv,Male
877,Nerty,Habbijam,nhabbijamoc@hostgator.com,Female
878,Loralee,Cranch,lcranchod@buzzfeed.com,Female
879,Tallia,Bodemeaid,tbodemeaidoe@stumbleupon.com,Female
880,Errol,Rubie,erubieof@unicef.org,Male
881,Thomasina,Savaage,tsavaageog@behance.net,Female
882,Charmine,Shutle,cshutleoh@bbc.co.uk,Non-binary
883,Georg,Jirousek,gjirousekoi@yahoo.co.jp,Male
884,Hetty,Ferencz,hferenczoj@51.la,Female
885,Annabel,McNevin,amcnevinok@accuweather.com,Female
886,Analiese,Hengoed,ahengoedol@google.es,Female
887,Hermie,Pinkstone,hpinkstoneom@admin.ch,Male
888,Fay,Amoore,famooreon@mit.edu,Female
889,Hurleigh,Barnhill,hbarnhilloo@typepad.com,Male
890,Gianni,Chattey,gchatteyop@pinterest.com,Agender
891,Hunfredo,McKean,hmckeanoq@ifeng.com,Male
892,Temple,Thorne,tthorneor@t.co,Male
893,Jasmine,MacGorman,jmacgormanos@dell.com,Female
894,Town,Eilert,teilertot@alibaba.com,Male
895,Lora,Mervyn,lmervynou@yandex.ru,Genderfluid
896,Layla,O'Farrell,lofarrellov@trellian.com,Female
897,Joana,Jalland,jjallandow@infoseek.co.jp,Female
898,Aguistin,Fazakerley,afazakerleyox@technorati.com,Male
899,Kerrill,Thiese,kthieseoy@microsoft.com,Female
900,Madelaine,Yewman,myewmanoz@vistaprint.com,Female
901,Jacinta,McKague,jmckaguep0@gmpg.org,Female
902,Gav,Foxcroft,gfoxcroftp1@gravatar.com,Male
903,Kristine,Accum,kaccump2@squidoo.com,Female
904,Lurline,Rawne,lrawnep3@elegantthemes.com,Female
905,Evy,Sutherley,esutherleyp4@statcounter.com,Female
906,Alfie,Van Velde,avanveldep5@artisteer.com,Male
907,Silvain,Ugo,sugop6@ted.com,Male
908,Dell,McEnhill,dmcenhillp7@fastcompany.com,Male
909,Alistair,Jiracek,ajiracekp8@is.gd,Male
910,Ashla,Barabisch,abarabischp9@behance.net,Female
911,Marietta,Flewett,mflewettpa@tumblr.com,Female
912,Ron,Caston,rcastonpb@t.co,Male
913,Adelice,Fouracre,afouracrepc@simplemachines.org,Female
914,Susanne,Lamberton,slambertonpd@wisc.edu,Female
915,Dorotea,Lasselle,dlassellepe@dell.com,Female
916,Smith,Hollier,shollierpf@mayoclinic.com,Male
917,Janie,Weems,jweemspg@cocolog-nifty.com,Female
918,Norris,Gollin,ngollinph@mysql.com,Male
919,Babara,Cattrall,bcattrallpi@hc360.com,Genderqueer
920,Shanta,McIllroy,smcillroypj@ca.gov,Agender
921,Allister,Lidyard,alidyardpk@aol.com,Male
922,Tawnya,Ellsbury,tellsburypl@nymag.com,Female
923,Krisha,Tremlett,ktremlettpm@pinterest.com,Male
924,Hanni,Blissett,hblissettpn@g.co,Female
925,Leontyne,Stroyan,lstroyanpo@economist.com,Female
926,Del,McKeady,dmckeadypp@unblog.fr,Male
927,Kerstin,McGuiness,kmcguinesspq@weather.com,Bigender
928,Avie,Antcliffe,aantcliffepr@bravesites.com,Polygender
929,Sheffield,Reinbeck,sreinbeckps@ucsd.edu,Bigender
930,Wilton,Buddleigh,wbuddleighpt@last.fm,Male
931,Flin,Rawes,frawespu@bbb.org,Male
932,Gerardo,Casserley,gcasserleypv@tmall.com,Male
933,Marty,Kenlin,mkenlinpw@utexas.edu,Male
934,Amity,Chaddock,achaddockpx@canalblog.com,Genderqueer
935,Bartholemy,Gascoyen,bgascoyenpy@princeton.edu,Male
936,Brock,Fidell,bfidellpz@hc360.com,Bigender
937,Jessi,Spaldin,jspaldinq0@narod.ru,Female
938,Malena,Gilardengo,mgilardengoq1@examiner.com,Female
939,Gertrud,Curedell,gcuredellq2@wisc.edu,Female
940,Rory,Glassford,rglassfordq3@hatena.ne.jp,Male
941,Norbert,Vasyagin,nvasyaginq4@behance.net,Male
942,Robinet,Carse,rcarseq5@newyorker.com,Male
943,Dare,Storck,dstorckq6@artisteer.com,Male
944,Griffith,Marnes,gmarnesq7@oracle.com,Genderfluid
945,Claire,Lowrey,clowreyq8@google.pl,Female
946,Sharon,Ebi,sebiq9@weibo.com,Female
947,Merrie,Blakelock,mblakelockqa@nifty.com,Female
948,Aylmar,Yirrell,ayirrellqb@hud.gov,Male
949,Amerigo,Dallemore,adallemoreqc@behance.net,Male
950,Lucille,Britner,lbritnerqd@com.com,Female
951,Bren,Croll,bcrollqe@yandex.ru,Female
952,Klemens,Birth,kbirthqf@wordpress.org,Male
953,Gaspard,Fawcett,gfawcettqg@odnoklassniki.ru,Male
954,Beryle,Girkin,bgirkinqh@npr.org,Genderfluid
955,Ofelia,Dametti,odamettiqi@soundcloud.com,Female
956,Thornton,Colleton,tcolletonqj@bizjournals.com,Male
957,Claribel,Leteurtre,cleteurtreqk@techcrunch.com,Female
958,Friederike,Berggren,fberggrenql@ezinearticles.com,Female
959,Cloris,Hardy,chardyqm@yolasite.com,Female
960,Trumann,Goodley,tgoodleyqn@cyberchimps.com,Male
961,Engracia,Arson,earsonqo@blogtalkradio.com,Female
962,Bing,Dugall,bdugallqp@moonfruit.com,Polygender
963,Jaye,Jodrelle,jjodrelleqq@mail.ru,Male
964,Jonathan,Wayland,jwaylandqr@cargocollective.com,Male
965,Rance,Bateup,rbateupqs@nyu.edu,Male
966,Dav,Michieli,dmichieliqt@vinaora.com,Male
967,Lynnelle,Meecher,lmeecherqu@unicef.org,Female
968,Deidre,Fibbings,dfibbingsqv@auda.org.au,Female
969,Barnaby,Bursnoll,bbursnollqw@yolasite.com,Male
970,Janel,Assiratti,jassirattiqx@ustream.tv,Female
971,Adham,Glaze,aglazeqy@mlb.com,Male
972,Ken,Haddon,khaddonqz@mayoclinic.com,Male
973,Garrott,Bims,gbimsr0@latimes.com,Male
974,Fawne,Morling,fmorlingr1@histats.com,Genderqueer
975,Filbert,cornhill,fcornhillr2@eventbrite.com,Agender
976,Welby,Hurles,whurlesr3@tripod.com,Male
977,Hannie,Esslement,hesslementr4@prweb.com,Female
978,Smith,Stichel,sstichelr5@wunderground.com,Male
979,Darn,Hallstone,dhallstoner6@w3.org,Male
980,Hillery,Lodovichi,hlodovichir7@toplist.cz,Male
981,Rockwell,Gaddesby,rgaddesbyr8@so-net.ne.jp,Male
982,Geoffrey,Shird,gshirdr9@miitbeian.gov.cn,Male
983,Cesya,Duncombe,cduncombera@nydailynews.com,Female
984,Minda,Dobbinson,mdobbinsonrb@nationalgeographic.com,Female
985,Bride,Chalfant,bchalfantrc@bandcamp.com,Female
986,Rickie,Caghan,rcaghanrd@cbc.ca,Female
987,Katina,Rigby,krigbyre@ucsd.edu,Female
988,Laura,Reddell,lreddellrf@last.fm,Female
989,Marika,Canto,mcantorg@oaic.gov.au,Female
990,Dina,Jeyness,djeynessrh@ebay.com,Female
991,Yolanda,Rawkesby,yrawkesbyri@cnn.com,Female
992,Pall,MacSporran,pmacsporranrj@myspace.com,Male
993,Sarena,Carrell,scarrellrk@sciencedirect.com,Female
994,Beatriz,Otham,bothamrl@taobao.com,Female
995,Queenie,Wethey,qwetheyrm@squidoo.com,Female
996,Elyse,Phizaclea,ephizaclearn@theglobeandmail.com,Female
997,Munmro,Ragg,mraggro@godaddy.com,Male
998,Amalea,Milella,amilellarp@fastcompany.com,Non-binary
999,Rance,Kingescot,rkingescotrq@comsenz.com,Male
1000,Marysa,Fairtlough,mfairtloughrr@gmpg.org,Female
